cat_type,category,subcategory,fy_qtr,litres,netsales
Beer,Domestic - BC Beer,Domestic - BC Commercial Beer,FY2026Q1,27843551.0,110210172.0
Beer,Domestic - BC Beer,Domestic - BC Commercial Beer,FY2026Q2,28816834.0,111443885.0
Beer,Domestic - BC Beer,Domestic - BC Commercial Beer,FY2026Q3,24895851.0,99034550.0
Beer,Domestic - BC Beer,Domestic - BC Commercial Beer,FY2026Q4,22255257.0,88068758.0
Beer,Domestic - BC Beer,Domestic - BC Commercial Beer,FY2027Q1,26530875.0,101943304.0
Beer,Domestic - BC Beer,Domestic - BC Micro Brew Beer,FY2026Q1,7251923.0,37155861.0
Beer,Domestic - BC Beer,Domestic - BC Micro Brew Beer,FY2026Q2,7717956.0,39516581.0
Beer,Domestic - BC Beer,Domestic - BC Micro Brew Beer,FY2026Q3,6026672.0,31583179.0
Beer,Domestic - BC Beer,Domestic - BC Micro Brew Beer,FY2026Q4,5564728.0,28358165.0
Beer,Domestic - BC Beer,Domestic - BC Micro Brew Beer,FY2027Q1,6811433.0,35004782.0
Beer,Domestic - BC Beer,Domestic - BC Regional Beer,FY2026Q1,14625367.0,56437658.0
Beer,Domestic - BC Beer,Domestic - BC Regional Beer,FY2026Q2,14214267.0,55445740.0
Beer,Domestic - BC Beer,Domestic - BC Regional Beer,FY2026Q3,12128712.0,47768224.0
Beer,Domestic - BC Beer,Domestic - BC Regional Beer,FY2026Q4,11496687.0,44174391.0
Beer,Domestic - BC Beer,Domestic - BC Regional Beer,FY2027Q1,13763095.0,52736336.0
Beer,Domestic - Other Province Beer,Domestic - Other Province Commercial Beer,FY2026Q1,10580059.0,49161038.0
Beer,Domestic - Other Province Beer,Domestic - Other Province Commercial Beer,FY2026Q2,10674027.0,49691902.0
Beer,Domestic - Other Province Beer,Domestic - Other Province Commercial Beer,FY2026Q3,7912674.0,37697251.0
Beer,Domestic - Other Province Beer,Domestic - Other Province Commercial Beer,FY2026Q4,7261225.0,33954238.0
Beer,Domestic - Other Province Beer,Domestic - Other Province Commercial Beer,FY2027Q1,11878081.0,54400439.0
Beer,Domestic - Other Province Beer,Domestic - Other Province Micro Brew Beer,FY2026Q1,29335.0,188195.0
Beer,Domestic - Other Province Beer,Domestic - Other Province Micro Brew Beer,FY2026Q2,37204.0,230373.0
Beer,Domestic - Other Province Beer,Domestic - Other Province Micro Brew Beer,FY2026Q3,22541.0,152955.0
Beer,Domestic - Other Province Beer,Domestic - Other Province Micro Brew Beer,FY2026Q4,26964.0,172680.0
Beer,Domestic - Other Province Beer,Domestic - Other Province Micro Brew Beer,FY2027Q1,56829.0,337917.0
Beer,Domestic - Other Province Beer,Domestic - Other Province Regional Beer,FY2026Q1,173713.0,659018.0
Beer,Domestic - Other Province Beer,Domestic - Other Province Regional Beer,FY2026Q2,146609.0,523179.0
Beer,Domestic - Other Province Beer,Domestic - Other Province Regional Beer,FY2026Q3,146596.0,517503.0
Beer,Domestic - Other Province Beer,Domestic - Other Province Regional Beer,FY2026Q4,135459.0,466936.0
Beer,Domestic - Other Province Beer,Domestic - Other Province Regional Beer,FY2027Q1,215574.0,699677.0
Beer,Import Beer,Asia And South Pacific Beer,FY2026Q1,324718.0,1922912.0
Beer,Import Beer,Asia And South Pacific Beer,FY2026Q2,347327.0,2061190.0
Beer,Import Beer,Asia And South Pacific Beer,FY2026Q3,267478.0,1634464.0
Beer,Import Beer,Asia And South Pacific Beer,FY2026Q4,329693.0,1980018.0
Beer,Import Beer,Asia And South Pacific Beer,FY2027Q1,348674.0,2061630.0
Beer,Import Beer,Europe Beer,FY2026Q1,3125793.0,17176339.0
Beer,Import Beer,Europe Beer,FY2026Q2,3243757.0,17801460.0
Beer,Import Beer,Europe Beer,FY2026Q3,2934423.0,16550877.0
Beer,Import Beer,Europe Beer,FY2026Q4,3023623.0,16922542.0
Beer,Import Beer,Europe Beer,FY2027Q1,3165547.0,17356427.0
Beer,Import Beer,Mexico And Caribbean Beer,FY2026Q1,438323.0,2762857.0
Beer,Import Beer,Mexico And Caribbean Beer,FY2026Q2,426183.0,2709328.0
Beer,Import Beer,Mexico And Caribbean Beer,FY2026Q3,316286.0,2029570.0
Beer,Import Beer,Mexico And Caribbean Beer,FY2026Q4,330420.0,2103578.0
Beer,Import Beer,Mexico And Caribbean Beer,FY2027Q1,454698.0,2880852.0
Beer,Import Beer,Other Country Beer,FY2026Q1,108243.0,680222.0
Beer,Import Beer,Other Country Beer,FY2026Q2,110677.0,695669.0
Beer,Import Beer,Other Country Beer,FY2026Q3,80947.0,506409.0
Beer,Import Beer,Other Country Beer,FY2026Q4,92368.0,573496.0
Beer,Import Beer,Other Country Beer,FY2027Q1,99836.0,614012.0
Beer,Import Beer,USA Beer,FY2026Q1,10393.0,74865.0
Beer,Import Beer,USA Beer,FY2026Q2,7234.0,48560.0
Beer,Import Beer,USA Beer,FY2026Q3,2770.0,19127.0
Beer,Import Beer,USA Beer,FY2026Q4,2995.0,17624.0
Beer,Import Beer,USA Beer,FY2027Q1,1490.0,7761.0
Refreshment Beverages,Cider,Domestic Cider,FY2026Q1,2452289.0,14078066.0
Refreshment Beverages,Cider,Domestic Cider,FY2026Q2,2753215.0,16461395.0
Refreshment Beverages,Cider,Domestic Cider,FY2026Q3,2151617.0,12901649.0
Refreshment Beverages,Cider,Domestic Cider,FY2026Q4,1687545.0,9813524.0
Refreshment Beverages,Cider,Domestic Cider,FY2027Q1,2290503.0,12927140.0
Refreshment Beverages,Cider,Import Cider,FY2026Q1,678001.0,3472465.0
Refreshment Beverages,Cider,Import Cider,FY2026Q2,687664.0,3562722.0
Refreshment Beverages,Cider,Import Cider,FY2026Q3,475663.0,2448659.0
Refreshment Beverages,Cider,Import Cider,FY2026Q4,471971.0,2567593.0
Refreshment Beverages,Cider,Import Cider,FY2027Q1,634642.0,3341159.0
Refreshment Beverages,Coolers,Malt-Based Coolers,FY2026Q1,32901.0,203357.0
Refreshment Beverages,Coolers,Malt-Based Coolers,FY2026Q2,24898.0,156270.0
Refreshment Beverages,Coolers,Malt-Based Coolers,FY2026Q3,13360.0,85612.0
Refreshment Beverages,Coolers,Malt-Based Coolers,FY2026Q4,16627.0,110686.0
Refreshment Beverages,Coolers,Malt-Based Coolers,FY2027Q1,37388.0,241352.0
Refreshment Beverages,Coolers,Spirit Coolers,FY2026Q1,20411188.0,108749213.0
Refreshment Beverages,Coolers,Spirit Coolers,FY2026Q2,22314010.0,120732930.0
Refreshment Beverages,Coolers,Spirit Coolers,FY2026Q3,12744539.0,70019461.0
Refreshment Beverages,Coolers,Spirit Coolers,FY2026Q4,13650051.0,76017842.0
Refreshment Beverages,Coolers,Spirit Coolers,FY2027Q1,20161528.0,110107696.0
Refreshment Beverages,Coolers,Wine/Fruit Coolers,FY2026Q1,132800.0,1114126.0
Refreshment Beverages,Coolers,Wine/Fruit Coolers,FY2026Q2,131949.0,1140986.0
Refreshment Beverages,Coolers,Wine/Fruit Coolers,FY2026Q3,91105.0,695486.0
Refreshment Beverages,Coolers,Wine/Fruit Coolers,FY2026Q4,81142.0,690825.0
Refreshment Beverages,Coolers,Wine/Fruit Coolers,FY2027Q1,102783.0,1012053.0
Spirits,Asian Spirits,China Spirits,FY2026Q1,12208.0,784261.0
Spirits,Asian Spirits,China Spirits,FY2026Q2,11846.0,653141.0
Spirits,Asian Spirits,China Spirits,FY2026Q3,13200.0,775096.0
Spirits,Asian Spirits,China Spirits,FY2026Q4,15715.0,880468.0
Spirits,Asian Spirits,China Spirits,FY2027Q1,11131.0,530392.0
Spirits,Asian Spirits,Korea Spirits,FY2026Q1,60463.0,1142377.0
Spirits,Asian Spirits,Korea Spirits,FY2026Q2,64867.0,1210496.0
Spirits,Asian Spirits,Korea Spirits,FY2026Q3,54944.0,1037735.0
Spirits,Asian Spirits,Korea Spirits,FY2026Q4,55577.0,1061689.0
Spirits,Asian Spirits,Korea Spirits,FY2027Q1,56272.0,1047929.0
Spirits,Asian Spirits,Other Country Asian Spirits,FY2026Q1,2602.0,111724.0
Spirits,Asian Spirits,Other Country Asian Spirits,FY2026Q2,2903.0,132061.0
Spirits,Asian Spirits,Other Country Asian Spirits,FY2026Q3,3050.0,144675.0
Spirits,Asian Spirits,Other Country Asian Spirits,FY2026Q4,3294.0,148780.0
Spirits,Asian Spirits,Other Country Asian Spirits,FY2027Q1,3040.0,135874.0
Spirits,Gin,Dry Gin,FY2026Q1,403281.0,13008408.0
Spirits,Gin,Dry Gin,FY2026Q2,427014.0,13853407.0
Spirits,Gin,Dry Gin,FY2026Q3,397611.0,13337774.0
Spirits,Gin,Dry Gin,FY2026Q4,288086.0,9454457.0
Spirits,Gin,Dry Gin,FY2027Q1,379499.0,12162935.0
Spirits,Gin,Flavoured Gin,FY2026Q1,34836.0,1282378.0
Spirits,Gin,Flavoured Gin,FY2026Q2,32168.0,1196641.0
Spirits,Gin,Flavoured Gin,FY2026Q3,28402.0,1083210.0
Spirits,Gin,Flavoured Gin,FY2026Q4,19748.0,765372.0
Spirits,Gin,Flavoured Gin,FY2027Q1,23583.0,921787.0
Spirits,Gin,Other Gin,FY2026Q1,16010.0,815542.0
Spirits,Gin,Other Gin,FY2026Q2,15675.0,770759.0
Spirits,Gin,Other Gin,FY2026Q3,19059.0,931590.0
Spirits,Gin,Other Gin,FY2026Q4,11777.0,594979.0
Spirits,Gin,Other Gin,FY2027Q1,16437.0,824315.0
Spirits,Grape and Fruit Brandy,Armagnac,FY2026Q1,347.0,36832.0
Spirits,Grape and Fruit Brandy,Armagnac,FY2026Q2,271.0,28701.0
Spirits,Grape and Fruit Brandy,Armagnac,FY2026Q3,998.0,117021.0
Spirits,Grape and Fruit Brandy,Armagnac,FY2026Q4,654.0,76006.0
Spirits,Grape and Fruit Brandy,Armagnac,FY2027Q1,244.0,21099.0
Spirits,Grape and Fruit Brandy,Brandy,FY2026Q1,63787.0,1895696.0
Spirits,Grape and Fruit Brandy,Brandy,FY2026Q2,55188.0,1689896.0
Spirits,Grape and Fruit Brandy,Brandy,FY2026Q3,94473.0,2804936.0
Spirits,Grape and Fruit Brandy,Brandy,FY2026Q4,60552.0,1842464.0
Spirits,Grape and Fruit Brandy,Brandy,FY2027Q1,58862.0,1816099.0
Spirits,Grape and Fruit Brandy,Cognac,FY2026Q1,15996.0,1708396.0
Spirits,Grape and Fruit Brandy,Cognac,FY2026Q2,15603.0,1632822.0
Spirits,Grape and Fruit Brandy,Cognac,FY2026Q3,23983.0,2474501.0
Spirits,Grape and Fruit Brandy,Cognac,FY2026Q4,18187.0,2074289.0
Spirits,Grape and Fruit Brandy,Cognac,FY2027Q1,15109.0,1460855.0
Spirits,Grape and Fruit Brandy,Eau de Vie,FY2026Q1,6156.0,332568.0
Spirits,Grape and Fruit Brandy,Eau de Vie,FY2026Q2,5242.0,287544.0
Spirits,Grape and Fruit Brandy,Eau de Vie,FY2026Q3,7602.0,415001.0
Spirits,Grape and Fruit Brandy,Eau de Vie,FY2026Q4,5595.0,293219.0
Spirits,Grape and Fruit Brandy,Eau de Vie,FY2027Q1,5360.0,303831.0
Spirits,Grape and Fruit Brandy,Grappa And Marc,FY2026Q1,911.0,51570.0
Spirits,Grape and Fruit Brandy,Grappa And Marc,FY2026Q2,826.0,47384.0
Spirits,Grape and Fruit Brandy,Grappa And Marc,FY2026Q3,1282.0,74851.0
Spirits,Grape and Fruit Brandy,Grappa And Marc,FY2026Q4,945.0,57442.0
Spirits,Grape and Fruit Brandy,Grappa And Marc,FY2027Q1,720.0,41200.0
Spirits,Grape and Fruit Brandy,Pisco,FY2026Q1,2968.0,131034.0
Spirits,Grape and Fruit Brandy,Pisco,FY2026Q2,3160.0,137626.0
Spirits,Grape and Fruit Brandy,Pisco,FY2026Q3,2639.0,113961.0
Spirits,Grape and Fruit Brandy,Pisco,FY2026Q4,3375.0,156855.0
Spirits,Grape and Fruit Brandy,Pisco,FY2027Q1,3397.0,158721.0
Spirits,Liqueurs,Anise And Herbal/Spice Liqueurs,FY2026Q1,315130.0,9626771.0
Spirits,Liqueurs,Anise And Herbal/Spice Liqueurs,FY2026Q2,294544.0,9245551.0
Spirits,Liqueurs,Anise And Herbal/Spice Liqueurs,FY2026Q3,313357.0,9703192.0
Spirits,Liqueurs,Anise And Herbal/Spice Liqueurs,FY2026Q4,259670.0,8254546.0
Spirits,Liqueurs,Anise And Herbal/Spice Liqueurs,FY2027Q1,299130.0,9247048.0
Spirits,Liqueurs,Coffee And Cocoa Liqueurs,FY2026Q1,67391.0,1867029.0
Spirits,Liqueurs,Coffee And Cocoa Liqueurs,FY2026Q2,79084.0,2268556.0
Spirits,Liqueurs,Coffee And Cocoa Liqueurs,FY2026Q3,107636.0,3005825.0
Spirits,Liqueurs,Coffee And Cocoa Liqueurs,FY2026Q4,76334.0,2190336.0
Spirits,Liqueurs,Coffee And Cocoa Liqueurs,FY2027Q1,64411.0,1896265.0
Spirits,Liqueurs,Cream/Dairy Liqueurs,FY2026Q1,212970.0,5916616.0
Spirits,Liqueurs,Cream/Dairy Liqueurs,FY2026Q2,276232.0,7770609.0
Spirits,Liqueurs,Cream/Dairy Liqueurs,FY2026Q3,640033.0,18071172.0
Spirits,Liqueurs,Cream/Dairy Liqueurs,FY2026Q4,221570.0,6109690.0
Spirits,Liqueurs,Cream/Dairy Liqueurs,FY2027Q1,191527.0,5326389.0
Spirits,Liqueurs,Fruit Liqueurs,FY2026Q1,201991.0,6340770.0
Spirits,Liqueurs,Fruit Liqueurs,FY2026Q2,209918.0,6789694.0
Spirits,Liqueurs,Fruit Liqueurs,FY2026Q3,191637.0,6535359.0
Spirits,Liqueurs,Fruit Liqueurs,FY2026Q4,169815.0,5477470.0
Spirits,Liqueurs,Fruit Liqueurs,FY2027Q1,209761.0,6587905.0
Spirits,Liqueurs,Nut Liqueurs,FY2026Q1,55825.0,1496543.0
Spirits,Liqueurs,Nut Liqueurs,FY2026Q2,63152.0,1697065.0
Spirits,Liqueurs,Nut Liqueurs,FY2026Q3,71662.0,2133834.0
Spirits,Liqueurs,Nut Liqueurs,FY2026Q4,47585.0,1459326.0
Spirits,Liqueurs,Nut Liqueurs,FY2027Q1,64017.0,1787382.0
Spirits,Liqueurs,Other Liqueurs,FY2026Q1,34229.0,1167344.0
Spirits,Liqueurs,Other Liqueurs,FY2026Q2,38774.0,1401571.0
Spirits,Liqueurs,Other Liqueurs,FY2026Q3,35948.0,1258410.0
Spirits,Liqueurs,Other Liqueurs,FY2026Q4,24498.0,876504.0
Spirits,Liqueurs,Other Liqueurs,FY2027Q1,31792.0,1190637.0
Spirits,Liqueurs,Whiskey Liqueurs,FY2026Q1,39738.0,1146481.0
Spirits,Liqueurs,Whiskey Liqueurs,FY2026Q2,42263.0,1267211.0
Spirits,Liqueurs,Whiskey Liqueurs,FY2026Q3,52156.0,1689152.0
Spirits,Liqueurs,Whiskey Liqueurs,FY2026Q4,49986.0,1499785.0
Spirits,Liqueurs,Whiskey Liqueurs,FY2027Q1,39163.0,1161658.0
Spirits,Other Spirits,Cachaca,FY2026Q1,1518.0,50903.0
Spirits,Other Spirits,Cachaca,FY2026Q2,1563.0,54329.0
Spirits,Other Spirits,Cachaca,FY2026Q3,963.0,33515.0
Spirits,Other Spirits,Cachaca,FY2026Q4,1653.0,55344.0
Spirits,Other Spirits,Cachaca,FY2027Q1,1927.0,63860.0
Spirits,Other Spirits,Flavoured Spirits,FY2026Q1,1619.0,84093.0
Spirits,Other Spirits,Flavoured Spirits,FY2026Q2,3355.0,155719.0
Spirits,Other Spirits,Flavoured Spirits,FY2026Q3,3179.0,154327.0
Spirits,Other Spirits,Flavoured Spirits,FY2026Q4,1156.0,56307.0
Spirits,Other Spirits,Flavoured Spirits,FY2027Q1,1166.0,64285.0
Spirits,Other Spirits,Miscellaneous/Other Spirits,FY2026Q1,5099.0,229434.0
Spirits,Other Spirits,Miscellaneous/Other Spirits,FY2026Q2,4493.0,222206.0
Spirits,Other Spirits,Miscellaneous/Other Spirits,FY2026Q3,8067.0,357014.0
Spirits,Other Spirits,Miscellaneous/Other Spirits,FY2026Q4,3777.0,206876.0
Spirits,Other Spirits,Miscellaneous/Other Spirits,FY2027Q1,3978.0,203944.0
Spirits,Other Spirits,Moonshine Spirits,FY2026Q1,3671.0,171715.0
Spirits,Other Spirits,Moonshine Spirits,FY2026Q2,8678.0,405561.0
Spirits,Other Spirits,Moonshine Spirits,FY2026Q3,7468.0,311408.0
Spirits,Other Spirits,Moonshine Spirits,FY2026Q4,3808.0,136790.0
Spirits,Other Spirits,Moonshine Spirits,FY2027Q1,4002.0,142249.0
Spirits,Other Spirits,Ready to Mix Cocktails,FY2026Q1,28623.0,573108.0
Spirits,Other Spirits,Ready to Mix Cocktails,FY2026Q2,30303.0,601181.0
Spirits,Other Spirits,Ready to Mix Cocktails,FY2026Q3,25096.0,519518.0
Spirits,Other Spirits,Ready to Mix Cocktails,FY2026Q4,24360.0,492491.0
Spirits,Other Spirits,Ready to Mix Cocktails,FY2027Q1,29194.0,584001.0
Spirits,Other Spirits,Ready to Serve Cocktails,FY2026Q1,52695.0,1348267.0
Spirits,Other Spirits,Ready to Serve Cocktails,FY2026Q2,65746.0,1675069.0
Spirits,Other Spirits,Ready to Serve Cocktails,FY2026Q3,37244.0,1317807.0
Spirits,Other Spirits,Ready to Serve Cocktails,FY2026Q4,34801.0,1109654.0
Spirits,Other Spirits,Ready to Serve Cocktails,FY2027Q1,46347.0,1459129.0
Spirits,Other Spirits,Schnapps and Akvavit,FY2026Q1,1019.0,45148.0
Spirits,Other Spirits,Schnapps and Akvavit,FY2026Q2,1000.0,43848.0
Spirits,Other Spirits,Schnapps and Akvavit,FY2026Q3,1299.0,62593.0
Spirits,Other Spirits,Schnapps and Akvavit,FY2026Q4,1023.0,48617.0
Spirits,Other Spirits,Schnapps and Akvavit,FY2027Q1,885.0,37853.0
Spirits,Rum,Amber Rum,FY2026Q1,150238.0,4898619.0
Spirits,Rum,Amber Rum,FY2026Q2,167436.0,5609819.0
Spirits,Rum,Amber Rum,FY2026Q3,238176.0,7821087.0
Spirits,Rum,Amber Rum,FY2026Q4,168344.0,5613213.0
Spirits,Rum,Amber Rum,FY2027Q1,152667.0,4849085.0
Spirits,Rum,Dark Rum,FY2026Q1,87495.0,2554185.0
Spirits,Rum,Dark Rum,FY2026Q2,89850.0,2645466.0
Spirits,Rum,Dark Rum,FY2026Q3,126758.0,3743548.0
Spirits,Rum,Dark Rum,FY2026Q4,93648.0,2802248.0
Spirits,Rum,Dark Rum,FY2027Q1,76220.0,2219363.0
Spirits,Rum,Flavoured Rum,FY2026Q1,8561.0,315424.0
Spirits,Rum,Flavoured Rum,FY2026Q2,10011.0,374553.0
Spirits,Rum,Flavoured Rum,FY2026Q3,9666.0,394596.0
Spirits,Rum,Flavoured Rum,FY2026Q4,5962.0,252995.0
Spirits,Rum,Flavoured Rum,FY2027Q1,4901.0,197619.0
Spirits,Rum,Spiced Rum,FY2026Q1,177232.0,5292421.0
Spirits,Rum,Spiced Rum,FY2026Q2,187597.0,5583671.0
Spirits,Rum,Spiced Rum,FY2026Q3,284672.0,8373362.0
Spirits,Rum,Spiced Rum,FY2026Q4,170881.0,5159031.0
Spirits,Rum,Spiced Rum,FY2027Q1,179268.0,5403911.0
Spirits,Rum,White Rum,FY2026Q1,244280.0,6162394.0
Spirits,Rum,White Rum,FY2026Q2,258561.0,6508124.0
Spirits,Rum,White Rum,FY2026Q3,285334.0,7111530.0
Spirits,Rum,White Rum,FY2026Q4,183445.0,4659761.0
Spirits,Rum,White Rum,FY2027Q1,243028.0,6105216.0
Spirits,Tequila,Blanco/Silver Tequila,FY2026Q1,217895.0,10602184.0
Spirits,Tequila,Blanco/Silver Tequila,FY2026Q2,247407.0,11926629.0
Spirits,Tequila,Blanco/Silver Tequila,FY2026Q3,174194.0,8860974.0
Spirits,Tequila,Blanco/Silver Tequila,FY2026Q4,173419.0,8430473.0
Spirits,Tequila,Blanco/Silver Tequila,FY2027Q1,239627.0,11448123.0
Spirits,Tequila,Flavoured Tequila,FY2026Q1,25823.0,1257483.0
Spirits,Tequila,Flavoured Tequila,FY2026Q2,24354.0,1212758.0
Spirits,Tequila,Flavoured Tequila,FY2026Q3,17587.0,920685.0
Spirits,Tequila,Flavoured Tequila,FY2026Q4,15213.0,775369.0
Spirits,Tequila,Flavoured Tequila,FY2027Q1,20220.0,1014617.0
Spirits,Tequila,Gold Tequila,FY2026Q1,215840.0,11080863.0
Spirits,Tequila,Gold Tequila,FY2026Q2,214559.0,11315329.0
Spirits,Tequila,Gold Tequila,FY2026Q3,179680.0,9747977.0
Spirits,Tequila,Gold Tequila,FY2026Q4,148348.0,8132745.0
Spirits,Tequila,Gold Tequila,FY2027Q1,210153.0,10746356.0
Spirits,Tequila,Mezcal,FY2026Q1,16656.0,1114986.0
Spirits,Tequila,Mezcal,FY2026Q2,16828.0,1135345.0
Spirits,Tequila,Mezcal,FY2026Q3,12826.0,884795.0
Spirits,Tequila,Mezcal,FY2026Q4,13887.0,949161.0
Spirits,Tequila,Mezcal,FY2027Q1,16410.0,1075145.0
Spirits,Vodka,Flavoured Vodka,FY2026Q1,119512.0,3732642.0
Spirits,Vodka,Flavoured Vodka,FY2026Q2,119647.0,3756626.0
Spirits,Vodka,Flavoured Vodka,FY2026Q3,119472.0,3827179.0
Spirits,Vodka,Flavoured Vodka,FY2026Q4,97267.0,3105147.0
Spirits,Vodka,Flavoured Vodka,FY2027Q1,114870.0,3637507.0
Spirits,Vodka,Straight Vodka,FY2026Q1,2027752.0,53800530.0
Spirits,Vodka,Straight Vodka,FY2026Q2,2097726.0,55872321.0
Spirits,Vodka,Straight Vodka,FY2026Q3,2070016.0,55916549.0
Spirits,Vodka,Straight Vodka,FY2026Q4,1853266.0,48698837.0
Spirits,Vodka,Straight Vodka,FY2027Q1,1959872.0,52026333.0
Spirits,Whisky,American Whiskey,FY2026Q1,11810.0,293896.0
Spirits,Whisky,American Whiskey,FY2026Q2,31917.0,1246162.0
Spirits,Whisky,American Whiskey,FY2026Q3,35877.0,1502262.0
Spirits,Whisky,American Whiskey,FY2026Q4,10923.0,627304.0
Spirits,Whisky,American Whiskey,FY2027Q1,2507.0,170728.0
Spirits,Whisky,Blended Malt Scotch Whisky,FY2026Q1,4345.0,253154.0
Spirits,Whisky,Blended Malt Scotch Whisky,FY2026Q2,3654.0,240879.0
Spirits,Whisky,Blended Malt Scotch Whisky,FY2026Q3,5290.0,341884.0
Spirits,Whisky,Blended Malt Scotch Whisky,FY2026Q4,4923.0,342635.0
Spirits,Whisky,Blended Malt Scotch Whisky,FY2027Q1,4870.0,290079.0
Spirits,Whisky,Blended Scotch Whisky,FY2026Q1,197744.0,6980436.0
Spirits,Whisky,Blended Scotch Whisky,FY2026Q2,186852.0,6696625.0
Spirits,Whisky,Blended Scotch Whisky,FY2026Q3,226810.0,8719704.0
Spirits,Whisky,Blended Scotch Whisky,FY2026Q4,203274.0,7209710.0
Spirits,Whisky,Blended Scotch Whisky,FY2027Q1,194487.0,6776584.0
Spirits,Whisky,Bourbon Whiskey,FY2026Q1,13293.0,419971.0
Spirits,Whisky,Bourbon Whiskey,FY2026Q2,50531.0,2361323.0
Spirits,Whisky,Bourbon Whiskey,FY2026Q3,51123.0,2516557.0
Spirits,Whisky,Bourbon Whiskey,FY2026Q4,22538.0,1392892.0
Spirits,Whisky,Bourbon Whiskey,FY2027Q1,9520.0,652927.0
Spirits,Whisky,Canadian Whisky,FY2026Q1,1121538.0,31325609.0
Spirits,Whisky,Canadian Whisky,FY2026Q2,1045301.0,29306225.0
Spirits,Whisky,Canadian Whisky,FY2026Q3,1255570.0,35798920.0
Spirits,Whisky,Canadian Whisky,FY2026Q4,1013744.0,29026551.0
Spirits,Whisky,Canadian Whisky,FY2027Q1,1044554.0,29202975.0
Spirits,Whisky,Flavoured Whisky,FY2026Q1,12720.0,399390.0
Spirits,Whisky,Flavoured Whisky,FY2026Q2,19616.0,629610.0
Spirits,Whisky,Flavoured Whisky,FY2026Q3,13904.0,480722.0
Spirits,Whisky,Flavoured Whisky,FY2026Q4,9978.0,332931.0
Spirits,Whisky,Flavoured Whisky,FY2027Q1,7345.0,221225.0
Spirits,Whisky,Irish Whiskey,FY2026Q1,130209.0,5314696.0
Spirits,Whisky,Irish Whiskey,FY2026Q2,137088.0,5417389.0
Spirits,Whisky,Irish Whiskey,FY2026Q3,175224.0,7077908.0
Spirits,Whisky,Irish Whiskey,FY2026Q4,158619.0,6778137.0
Spirits,Whisky,Irish Whiskey,FY2027Q1,129279.0,5155426.0
Spirits,Whisky,Other Country Whisky,FY2026Q1,16761.0,1377310.0
Spirits,Whisky,Other Country Whisky,FY2026Q2,14553.0,1199685.0
Spirits,Whisky,Other Country Whisky,FY2026Q3,23065.0,1960028.0
Spirits,Whisky,Other Country Whisky,FY2026Q4,23164.0,2521810.0
Spirits,Whisky,Other Country Whisky,FY2027Q1,19044.0,1513877.0
Spirits,Whisky,Single Malt Scotch Whisky,FY2026Q1,99358.0,8920136.0
Spirits,Whisky,Single Malt Scotch Whisky,FY2026Q2,88188.0,8134385.0
Spirits,Whisky,Single Malt Scotch Whisky,FY2026Q3,148659.0,13519330.0
Spirits,Whisky,Single Malt Scotch Whisky,FY2026Q4,110516.0,11175931.0
Spirits,Whisky,Single Malt Scotch Whisky,FY2027Q1,90606.0,7712912.0
Wine,Argentina Wine,Argentina Red Wine,FY2026Q1,462123.0,7129654.0
Wine,Argentina Wine,Argentina Red Wine,FY2026Q2,398251.0,6252204.0
Wine,Argentina Wine,Argentina Red Wine,FY2026Q3,555210.0,8670306.0
Wine,Argentina Wine,Argentina Red Wine,FY2026Q4,455996.0,7020932.0
Wine,Argentina Wine,Argentina Red Wine,FY2027Q1,411234.0,6447685.0
Wine,Argentina Wine,Argentina Rose Wine,FY2026Q1,7822.0,111321.0
Wine,Argentina Wine,Argentina Rose Wine,FY2026Q2,6614.0,98803.0
Wine,Argentina Wine,Argentina Rose Wine,FY2026Q3,3028.0,47368.0
Wine,Argentina Wine,Argentina Rose Wine,FY2026Q4,2690.0,39490.0
Wine,Argentina Wine,Argentina Rose Wine,FY2027Q1,7231.0,103026.0
Wine,Argentina Wine,Argentina Sparkling Wine,FY2026Q1,522.0,10450.0
Wine,Argentina Wine,Argentina Sparkling Wine,FY2026Q2,760.0,14013.0
Wine,Argentina Wine,Argentina Sparkling Wine,FY2026Q3,482.0,9768.0
Wine,Argentina Wine,Argentina Sparkling Wine,FY2026Q4,715.0,14508.0
Wine,Argentina Wine,Argentina Sparkling Wine,FY2027Q1,554.0,10196.0
Wine,Argentina Wine,Argentina White Wine,FY2026Q1,53850.0,746465.0
Wine,Argentina Wine,Argentina White Wine,FY2026Q2,66285.0,980794.0
Wine,Argentina Wine,Argentina White Wine,FY2026Q3,81223.0,1176097.0
Wine,Argentina Wine,Argentina White Wine,FY2026Q4,83023.0,1200250.0
Wine,Argentina Wine,Argentina White Wine,FY2027Q1,109328.0,1553701.0
Wine,Australia Wine,Australia Fruit and Dessert Wine,FY2026Q1,21.0,1010.0
Wine,Australia Wine,Australia Fruit and Dessert Wine,FY2026Q2,10.0,390.0
Wine,Australia Wine,Australia Fruit and Dessert Wine,FY2026Q3,4.0,313.0
Wine,Australia Wine,Australia Fruit and Dessert Wine,FY2026Q4,6.0,192.0
Wine,Australia Wine,Australia Fruit and Dessert Wine,FY2027Q1,6.0,192.0
Wine,Australia Wine,Australia Red Wine,FY2026Q1,476629.0,6961885.0
Wine,Australia Wine,Australia Red Wine,FY2026Q2,410972.0,6024120.0
Wine,Australia Wine,Australia Red Wine,FY2026Q3,539002.0,8119283.0
Wine,Australia Wine,Australia Red Wine,FY2026Q4,497374.0,7518088.0
Wine,Australia Wine,Australia Red Wine,FY2027Q1,443043.0,6383244.0
Wine,Australia Wine,Australia Rose Wine,FY2026Q1,23674.0,311084.0
Wine,Australia Wine,Australia Rose Wine,FY2026Q2,23804.0,295024.0
Wine,Australia Wine,Australia Rose Wine,FY2026Q3,23786.0,286938.0
Wine,Australia Wine,Australia Rose Wine,FY2026Q4,20894.0,283084.0
Wine,Australia Wine,Australia Rose Wine,FY2027Q1,23354.0,292446.0
Wine,Australia Wine,Australia Sparkling Wine,FY2026Q1,53501.0,805384.0
Wine,Australia Wine,Australia Sparkling Wine,FY2026Q2,44147.0,683528.0
Wine,Australia Wine,Australia Sparkling Wine,FY2026Q3,62918.0,923722.0
Wine,Australia Wine,Australia Sparkling Wine,FY2026Q4,40735.0,615717.0
Wine,Australia Wine,Australia Sparkling Wine,FY2027Q1,48572.0,708013.0
Wine,Australia Wine,Australia White Wine,FY2026Q1,397359.0,4734229.0
Wine,Australia Wine,Australia White Wine,FY2026Q2,395170.0,4691970.0
Wine,Australia Wine,Australia White Wine,FY2026Q3,359873.0,4320228.0
Wine,Australia Wine,Australia White Wine,FY2026Q4,323410.0,4082232.0
Wine,Australia Wine,Australia White Wine,FY2027Q1,384152.0,4675863.0
Wine,Austria Wine,Austria Fruit and Dessert Wine,FY2026Q1,34.0,2438.0
Wine,Austria Wine,Austria Fruit and Dessert Wine,FY2026Q2,56.0,2887.0
Wine,Austria Wine,Austria Fruit and Dessert Wine,FY2026Q3,54.0,2994.0
Wine,Austria Wine,Austria Fruit and Dessert Wine,FY2026Q4,70.0,4554.0
Wine,Austria Wine,Austria Fruit and Dessert Wine,FY2027Q1,94.0,5474.0
Wine,Austria Wine,Austria Red Wine,FY2026Q1,878.0,30714.0
Wine,Austria Wine,Austria Red Wine,FY2026Q2,1034.0,33910.0
Wine,Austria Wine,Austria Red Wine,FY2026Q3,1088.0,36523.0
Wine,Austria Wine,Austria Red Wine,FY2026Q4,1317.0,49005.0
Wine,Austria Wine,Austria Red Wine,FY2027Q1,1202.0,43130.0
Wine,Austria Wine,Austria Rose Wine,FY2026Q1,346.0,12263.0
Wine,Austria Wine,Austria Rose Wine,FY2026Q2,274.0,10115.0
Wine,Austria Wine,Austria Rose Wine,FY2026Q3,180.0,6461.0
Wine,Austria Wine,Austria Rose Wine,FY2026Q4,243.0,7257.0
Wine,Austria Wine,Austria Rose Wine,FY2027Q1,598.0,19302.0
Wine,Austria Wine,Austria Sparkling Wine,FY2026Q1,86.0,2920.0
Wine,Austria Wine,Austria Sparkling Wine,FY2026Q2,224.0,7701.0
Wine,Austria Wine,Austria Sparkling Wine,FY2026Q3,108.0,3407.0
Wine,Austria Wine,Austria Sparkling Wine,FY2026Q4,148.0,5327.0
Wine,Austria Wine,Austria Sparkling Wine,FY2027Q1,90.0,2939.0
Wine,Austria Wine,Austria White Wine,FY2026Q1,4022.0,132301.0
Wine,Austria Wine,Austria White Wine,FY2026Q2,3972.0,129457.0
Wine,Austria Wine,Austria White Wine,FY2026Q3,3292.0,102762.0
Wine,Austria Wine,Austria White Wine,FY2026Q4,4162.0,134511.0
Wine,Austria Wine,Austria White Wine,FY2027Q1,4751.0,151897.0
Wine,Bulgaria Wine,Bulgaria Red Wine,FY2026Q1,0.0,0.0
Wine,Bulgaria Wine,Bulgaria Red Wine,FY2026Q2,0.0,0.0
Wine,Bulgaria Wine,Bulgaria Red Wine,FY2026Q3,0.0,0.0
Wine,Bulgaria Wine,Bulgaria Red Wine,FY2026Q4,0.0,0.0
Wine,Bulgaria Wine,Bulgaria Red Wine,FY2027Q1,0.0,0.0
Wine,Bulgaria Wine,Bulgaria White Wine,FY2026Q1,0.0,0.0
Wine,Bulgaria Wine,Bulgaria White Wine,FY2026Q2,0.0,0.0
Wine,Bulgaria Wine,Bulgaria White Wine,FY2026Q3,0.0,0.0
Wine,Bulgaria Wine,Bulgaria White Wine,FY2026Q4,0.0,0.0
Wine,Bulgaria Wine,Bulgaria White Wine,FY2027Q1,0.0,0.0
Wine,Canada - BC,Canada - BC Dessert Wine,FY2026Q1,3759.0,205861.0
Wine,Canada - BC,Canada - BC Dessert Wine,FY2026Q2,5437.0,320342.0
Wine,Canada - BC,Canada - BC Dessert Wine,FY2026Q3,3216.0,200557.0
Wine,Canada - BC,Canada - BC Dessert Wine,FY2026Q4,1789.0,110465.0
Wine,Canada - BC,Canada - BC Dessert Wine,FY2027Q1,2514.0,109254.0
Wine,Canada - BC,Canada - BC Fruit Wine,FY2026Q1,48424.0,960778.0
Wine,Canada - BC,Canada - BC Fruit Wine,FY2026Q2,76845.0,1572890.0
Wine,Canada - BC,Canada - BC Fruit Wine,FY2026Q3,74330.0,1505417.0
Wine,Canada - BC,Canada - BC Fruit Wine,FY2026Q4,34371.0,715164.0
Wine,Canada - BC,Canada - BC Fruit Wine,FY2027Q1,47210.0,963697.0
Wine,Canada - BC,Canada - BC Ice Wine,FY2026Q1,6944.0,873009.0
Wine,Canada - BC,Canada - BC Ice Wine,FY2026Q2,7682.0,1042106.0
Wine,Canada - BC,Canada - BC Ice Wine,FY2026Q3,7483.0,766423.0
Wine,Canada - BC,Canada - BC Ice Wine,FY2026Q4,4225.0,440050.0
Wine,Canada - BC,Canada - BC Ice Wine,FY2027Q1,3735.0,378517.0
Wine,Canada - BC,Canada - BC Red Wine,FY2026Q1,3484390.0,55461024.0
Wine,Canada - BC,Canada - BC Red Wine,FY2026Q2,3625983.0,65312669.0
Wine,Canada - BC,Canada - BC Red Wine,FY2026Q3,4859262.0,81249792.0
Wine,Canada - BC,Canada - BC Red Wine,FY2026Q4,3169503.0,50290272.0
Wine,Canada - BC,Canada - BC Red Wine,FY2027Q1,3126581.0,50241924.0
Wine,Canada - BC,Canada - BC Rose Wine,FY2026Q1,634039.0,11209312.0
Wine,Canada - BC,Canada - BC Rose Wine,FY2026Q2,709387.0,12822178.0
Wine,Canada - BC,Canada - BC Rose Wine,FY2026Q3,477651.0,7528675.0
Wine,Canada - BC,Canada - BC Rose Wine,FY2026Q4,397993.0,6255656.0
Wine,Canada - BC,Canada - BC Rose Wine,FY2027Q1,683875.0,11737788.0
Wine,Canada - BC,Canada - BC Sparkling Wine,FY2026Q1,182495.0,6912605.0
Wine,Canada - BC,Canada - BC Sparkling Wine,FY2026Q2,251124.0,8394264.0
Wine,Canada - BC,Canada - BC Sparkling Wine,FY2026Q3,253471.0,9420289.0
Wine,Canada - BC,Canada - BC Sparkling Wine,FY2026Q4,131504.0,4113061.0
Wine,Canada - BC,Canada - BC Sparkling Wine,FY2027Q1,171008.0,4937621.0
Wine,Canada - BC,Canada - BC White Wine,FY2026Q1,4337680.0,56051381.0
Wine,Canada - BC,Canada - BC White Wine,FY2026Q2,4427693.0,61429816.0
Wine,Canada - BC,Canada - BC White Wine,FY2026Q3,4669249.0,59752862.0
Wine,Canada - BC,Canada - BC White Wine,FY2026Q4,3452419.0,44071608.0
Wine,Canada - BC,Canada - BC White Wine,FY2027Q1,4106927.0,53048878.0
Wine,Canada - Other,Canada - Other Dessert Wine,FY2026Q1,34.0,4036.0
Wine,Canada - Other,Canada - Other Dessert Wine,FY2026Q2,84.0,9262.0
Wine,Canada - Other,Canada - Other Dessert Wine,FY2026Q3,99.0,11580.0
Wine,Canada - Other,Canada - Other Dessert Wine,FY2026Q4,18.0,2164.0
Wine,Canada - Other,Canada - Other Dessert Wine,FY2027Q1,59.0,7007.0
Wine,Canada - Other,Canada - Other Fruit Wine,FY2026Q1,38.0,256.0
Wine,Canada - Other,Canada - Other Fruit Wine,FY2026Q2,19.0,126.0
Wine,Canada - Other,Canada - Other Fruit Wine,FY2026Q3,0.0,0.0
Wine,Canada - Other,Canada - Other Fruit Wine,FY2026Q4,0.0,0.0
Wine,Canada - Other,Canada - Other Fruit Wine,FY2027Q1,0.0,0.0
Wine,Canada - Other,Canada - Other Ice Wine,FY2026Q1,5801.0,508044.0
Wine,Canada - Other,Canada - Other Ice Wine,FY2026Q2,15352.0,1442645.0
Wine,Canada - Other,Canada - Other Ice Wine,FY2026Q3,9776.0,901729.0
Wine,Canada - Other,Canada - Other Ice Wine,FY2026Q4,11144.0,1058456.0
Wine,Canada - Other,Canada - Other Ice Wine,FY2027Q1,11024.0,1014389.0
Wine,Canada - Other,Canada - Other Red Wine,FY2026Q1,28870.0,306456.0
Wine,Canada - Other,Canada - Other Red Wine,FY2026Q2,37210.0,461493.0
Wine,Canada - Other,Canada - Other Red Wine,FY2026Q3,41014.0,460017.0
Wine,Canada - Other,Canada - Other Red Wine,FY2026Q4,30724.0,365380.0
Wine,Canada - Other,Canada - Other Red Wine,FY2027Q1,27257.0,265348.0
Wine,Canada - Other,Canada - Other Rose Wine,FY2026Q1,10668.0,104643.0
Wine,Canada - Other,Canada - Other Rose Wine,FY2026Q2,8048.0,83475.0
Wine,Canada - Other,Canada - Other Rose Wine,FY2026Q3,4857.0,48531.0
Wine,Canada - Other,Canada - Other Rose Wine,FY2026Q4,5389.0,53283.0
Wine,Canada - Other,Canada - Other Rose Wine,FY2027Q1,5166.0,52017.0
Wine,Canada - Other,Canada - Other Sparkling Wine,FY2026Q1,65560.0,683107.0
Wine,Canada - Other,Canada - Other Sparkling Wine,FY2026Q2,66778.0,712458.0
Wine,Canada - Other,Canada - Other Sparkling Wine,FY2026Q3,82617.0,874378.0
Wine,Canada - Other,Canada - Other Sparkling Wine,FY2026Q4,55528.0,599644.0
Wine,Canada - Other,Canada - Other Sparkling Wine,FY2027Q1,62876.0,696465.0
Wine,Canada - Other,Canada - Other White Wine,FY2026Q1,54724.0,524468.0
Wine,Canada - Other,Canada - Other White Wine,FY2026Q2,61698.0,619642.0
Wine,Canada - Other,Canada - Other White Wine,FY2026Q3,52564.0,512068.0
Wine,Canada - Other,Canada - Other White Wine,FY2026Q4,48293.0,489163.0
Wine,Canada - Other,Canada - Other White Wine,FY2027Q1,44525.0,454711.0
Wine,Chile Wine,Chile Fruit and Dessert Wine,FY2026Q1,14.0,481.0
Wine,Chile Wine,Chile Fruit and Dessert Wine,FY2026Q2,13.0,491.0
Wine,Chile Wine,Chile Fruit and Dessert Wine,FY2026Q3,32.0,1180.0
Wine,Chile Wine,Chile Fruit and Dessert Wine,FY2026Q4,9.0,341.0
Wine,Chile Wine,Chile Fruit and Dessert Wine,FY2027Q1,4.0,173.0
Wine,Chile Wine,Chile Red Wine,FY2026Q1,610363.0,6811691.0
Wine,Chile Wine,Chile Red Wine,FY2026Q2,627173.0,7019516.0
Wine,Chile Wine,Chile Red Wine,FY2026Q3,696104.0,8149461.0
Wine,Chile Wine,Chile Red Wine,FY2026Q4,714658.0,7798204.0
Wine,Chile Wine,Chile Red Wine,FY2027Q1,621949.0,6919173.0
Wine,Chile Wine,Chile Rose Wine,FY2026Q1,56358.0,586642.0
Wine,Chile Wine,Chile Rose Wine,FY2026Q2,73165.0,791694.0
Wine,Chile Wine,Chile Rose Wine,FY2026Q3,18955.0,207713.0
Wine,Chile Wine,Chile Rose Wine,FY2026Q4,30052.0,322415.0
Wine,Chile Wine,Chile Rose Wine,FY2027Q1,57291.0,621753.0
Wine,Chile Wine,Chile Sparkling Wine,FY2026Q1,2175.0,44068.0
Wine,Chile Wine,Chile Sparkling Wine,FY2026Q2,1450.0,28234.0
Wine,Chile Wine,Chile Sparkling Wine,FY2026Q3,2396.0,49461.0
Wine,Chile Wine,Chile Sparkling Wine,FY2026Q4,1958.0,40486.0
Wine,Chile Wine,Chile Sparkling Wine,FY2027Q1,1322.0,26972.0
Wine,Chile Wine,Chile White Wine,FY2026Q1,356461.0,3784795.0
Wine,Chile Wine,Chile White Wine,FY2026Q2,366906.0,3840767.0
Wine,Chile Wine,Chile White Wine,FY2026Q3,338508.0,3457933.0
Wine,Chile Wine,Chile White Wine,FY2026Q4,402254.0,3909531.0
Wine,Chile Wine,Chile White Wine,FY2027Q1,426101.0,4180066.0
Wine,China Wine,China Fruit and Dessert Wine,FY2026Q1,114.0,3945.0
Wine,China Wine,China Fruit and Dessert Wine,FY2026Q2,44.0,1704.0
Wine,China Wine,China Fruit and Dessert Wine,FY2026Q3,293.0,11209.0
Wine,China Wine,China Fruit and Dessert Wine,FY2026Q4,221.0,9504.0
Wine,China Wine,China Fruit and Dessert Wine,FY2027Q1,159.0,6183.0
Wine,China Wine,China Red Wine,FY2026Q1,4.0,125.0
Wine,China Wine,China Red Wine,FY2026Q2,14.0,376.0
Wine,China Wine,China Red Wine,FY2026Q3,14.0,376.0
Wine,China Wine,China Red Wine,FY2026Q4,72.0,24391.0
Wine,China Wine,China Red Wine,FY2027Q1,99.0,3432.0
Wine,China Wine,China White Wine,FY2026Q1,225.0,13317.0
Wine,China Wine,China White Wine,FY2026Q2,0.0,0.0
Wine,China Wine,China White Wine,FY2026Q3,18.0,501.0
Wine,China Wine,China White Wine,FY2026Q4,9.0,304.0
Wine,China Wine,China White Wine,FY2027Q1,58.0,1738.0
Wine,Fortified Wine,Other Fortified Domestic Wine,FY2026Q1,41512.0,631920.0
Wine,Fortified Wine,Other Fortified Domestic Wine,FY2026Q2,48316.0,881747.0
Wine,Fortified Wine,Other Fortified Domestic Wine,FY2026Q3,46917.0,793487.0
Wine,Fortified Wine,Other Fortified Domestic Wine,FY2026Q4,33636.0,534222.0
Wine,Fortified Wine,Other Fortified Domestic Wine,FY2027Q1,27541.0,443443.0
Wine,Fortified Wine,Other Fortified Import Wine,FY2026Q1,13742.0,352124.0
Wine,Fortified Wine,Other Fortified Import Wine,FY2026Q2,11921.0,298935.0
Wine,Fortified Wine,Other Fortified Import Wine,FY2026Q3,17484.0,440458.0
Wine,Fortified Wine,Other Fortified Import Wine,FY2026Q4,16544.0,409567.0
Wine,Fortified Wine,Other Fortified Import Wine,FY2027Q1,11306.0,293240.0
Wine,Fortified Wine,Port Wine,FY2026Q1,14468.0,479140.0
Wine,Fortified Wine,Port Wine,FY2026Q2,14350.0,497523.0
Wine,Fortified Wine,Port Wine,FY2026Q3,29500.0,1026132.0
Wine,Fortified Wine,Port Wine,FY2026Q4,16641.0,583622.0
Wine,Fortified Wine,Port Wine,FY2027Q1,14033.0,481467.0
Wine,Fortified Wine,Sherry Wine,FY2026Q1,10146.0,230111.0
Wine,Fortified Wine,Sherry Wine,FY2026Q2,9374.0,209093.0
Wine,Fortified Wine,Sherry Wine,FY2026Q3,14957.0,340454.0
Wine,Fortified Wine,Sherry Wine,FY2026Q4,13602.0,314317.0
Wine,Fortified Wine,Sherry Wine,FY2027Q1,13091.0,281460.0
Wine,Fortified Wine,Vermouth Wine,FY2026Q1,55291.0,887966.0
Wine,Fortified Wine,Vermouth Wine,FY2026Q2,55298.0,883546.0
Wine,Fortified Wine,Vermouth Wine,FY2026Q3,61514.0,1054026.0
Wine,Fortified Wine,Vermouth Wine,FY2026Q4,51593.0,888720.0
Wine,Fortified Wine,Vermouth Wine,FY2027Q1,56790.0,961924.0
Wine,France Wine,France Champagne Wine,FY2026Q1,39119.0,3854924.0
Wine,France Wine,France Champagne Wine,FY2026Q2,46515.0,4662635.0
Wine,France Wine,France Champagne Wine,FY2026Q3,73054.0,7441699.0
Wine,France Wine,France Champagne Wine,FY2026Q4,39709.0,3935837.0
Wine,France Wine,France Champagne Wine,FY2027Q1,45394.0,4717692.0
Wine,France Wine,France Fruit and Dessert Wine,FY2026Q1,190.0,14904.0
Wine,France Wine,France Fruit and Dessert Wine,FY2026Q2,237.0,18218.0
Wine,France Wine,France Fruit and Dessert Wine,FY2026Q3,216.0,25057.0
Wine,France Wine,France Fruit and Dessert Wine,FY2026Q4,218.0,16811.0
Wine,France Wine,France Fruit and Dessert Wine,FY2027Q1,294.0,21709.0
Wine,France Wine,France Red Wine,FY2026Q1,321136.0,7375557.0
Wine,France Wine,France Red Wine,FY2026Q2,312951.0,10841950.0
Wine,France Wine,France Red Wine,FY2026Q3,387302.0,9220436.0
Wine,France Wine,France Red Wine,FY2026Q4,344432.0,8662682.0
Wine,France Wine,France Red Wine,FY2027Q1,303677.0,9035686.0
Wine,France Wine,France Rose Wine,FY2026Q1,229633.0,4161833.0
Wine,France Wine,France Rose Wine,FY2026Q2,284794.0,5031569.0
Wine,France Wine,France Rose Wine,FY2026Q3,107641.0,1934306.0
Wine,France Wine,France Rose Wine,FY2026Q4,117536.0,2170793.0
Wine,France Wine,France Rose Wine,FY2027Q1,262590.0,4758750.0
Wine,France Wine,France Sparkling Wine,FY2026Q1,48043.0,958205.0
Wine,France Wine,France Sparkling Wine,FY2026Q2,49901.0,967186.0
Wine,France Wine,France Sparkling Wine,FY2026Q3,52039.0,1102132.0
Wine,France Wine,France Sparkling Wine,FY2026Q4,40057.0,830102.0
Wine,France Wine,France Sparkling Wine,FY2027Q1,46420.0,947223.0
Wine,France Wine,France White Wine,FY2026Q1,207349.0,5889322.0
Wine,France Wine,France White Wine,FY2026Q2,220115.0,6065745.0
Wine,France Wine,France White Wine,FY2026Q3,214383.0,5869003.0
Wine,France Wine,France White Wine,FY2026Q4,198083.0,6026302.0
Wine,France Wine,France White Wine,FY2027Q1,213798.0,6259080.0
Wine,Georgia Wine,Georgia Red Wine,FY2026Q1,3584.0,82533.0
Wine,Georgia Wine,Georgia Red Wine,FY2026Q2,2821.0,64082.0
Wine,Georgia Wine,Georgia Red Wine,FY2026Q3,3334.0,74049.0
Wine,Georgia Wine,Georgia Red Wine,FY2026Q4,4480.0,101893.0
Wine,Georgia Wine,Georgia Red Wine,FY2027Q1,2286.0,52384.0
Wine,Georgia Wine,Georgia Rose Wine,FY2026Q1,14.0,520.0
Wine,Georgia Wine,Georgia Rose Wine,FY2026Q2,9.0,345.0
Wine,Georgia Wine,Georgia Rose Wine,FY2026Q3,4.0,173.0
Wine,Georgia Wine,Georgia Rose Wine,FY2026Q4,36.0,1206.0
Wine,Georgia Wine,Georgia Rose Wine,FY2027Q1,36.0,1030.0
Wine,Georgia Wine,Georgia Sparkling Wine,FY2026Q1,27.0,1332.0
Wine,Georgia Wine,Georgia Sparkling Wine,FY2026Q2,21.0,1018.0
Wine,Georgia Wine,Georgia Sparkling Wine,FY2026Q3,14.0,667.0
Wine,Georgia Wine,Georgia Sparkling Wine,FY2026Q4,9.0,441.0
Wine,Georgia Wine,Georgia Sparkling Wine,FY2027Q1,0.0,0.0
Wine,Georgia Wine,Georgia White Wine,FY2026Q1,655.0,21465.0
Wine,Georgia Wine,Georgia White Wine,FY2026Q2,548.0,16927.0
Wine,Georgia Wine,Georgia White Wine,FY2026Q3,539.0,16440.0
Wine,Georgia Wine,Georgia White Wine,FY2026Q4,580.0,18492.0
Wine,Georgia Wine,Georgia White Wine,FY2027Q1,526.0,16486.0
Wine,Germany Wine,Germany Fruit and Dessert Wine,FY2026Q1,0.0,0.0
Wine,Germany Wine,Germany Fruit and Dessert Wine,FY2026Q2,0.0,0.0
Wine,Germany Wine,Germany Fruit and Dessert Wine,FY2026Q3,0.0,0.0
Wine,Germany Wine,Germany Fruit and Dessert Wine,FY2026Q4,0.0,0.0
Wine,Germany Wine,Germany Fruit and Dessert Wine,FY2027Q1,0.0,0.0
Wine,Germany Wine,Germany Red Wine,FY2026Q1,1285.0,35941.0
Wine,Germany Wine,Germany Red Wine,FY2026Q2,1354.0,62716.0
Wine,Germany Wine,Germany Red Wine,FY2026Q3,1040.0,30334.0
Wine,Germany Wine,Germany Red Wine,FY2026Q4,1952.0,60721.0
Wine,Germany Wine,Germany Red Wine,FY2027Q1,1287.0,42593.0
Wine,Germany Wine,Germany Rose Wine,FY2026Q1,68.0,2258.0
Wine,Germany Wine,Germany Rose Wine,FY2026Q2,94.0,3118.0
Wine,Germany Wine,Germany Rose Wine,FY2026Q3,9.0,158.0
Wine,Germany Wine,Germany Rose Wine,FY2026Q4,112.0,2363.0
Wine,Germany Wine,Germany Rose Wine,FY2027Q1,130.0,4816.0
Wine,Germany Wine,Germany Sparkling Wine,FY2026Q1,34091.0,623129.0
Wine,Germany Wine,Germany Sparkling Wine,FY2026Q2,28577.0,543725.0
Wine,Germany Wine,Germany Sparkling Wine,FY2026Q3,53664.0,894834.0
Wine,Germany Wine,Germany Sparkling Wine,FY2026Q4,23918.0,464448.0
Wine,Germany Wine,Germany Sparkling Wine,FY2027Q1,31682.0,564061.0
Wine,Germany Wine,Germany White Wine,FY2026Q1,48673.0,860868.0
Wine,Germany Wine,Germany White Wine,FY2026Q2,47596.0,859880.0
Wine,Germany Wine,Germany White Wine,FY2026Q3,52786.0,917809.0
Wine,Germany Wine,Germany White Wine,FY2026Q4,44599.0,796827.0
Wine,Germany Wine,Germany White Wine,FY2027Q1,42242.0,791246.0
Wine,Greece Wine,Greece Fruit and Dessert Wine,FY2026Q1,0.0,0.0
Wine,Greece Wine,Greece Fruit and Dessert Wine,FY2026Q2,0.0,0.0
Wine,Greece Wine,Greece Fruit and Dessert Wine,FY2026Q3,18.0,409.0
Wine,Greece Wine,Greece Fruit and Dessert Wine,FY2026Q4,24.0,3744.0
Wine,Greece Wine,Greece Fruit and Dessert Wine,FY2027Q1,15.0,2341.0
Wine,Greece Wine,Greece Red Wine,FY2026Q1,6226.0,136640.0
Wine,Greece Wine,Greece Red Wine,FY2026Q2,4974.0,109557.0
Wine,Greece Wine,Greece Red Wine,FY2026Q3,4976.0,107490.0
Wine,Greece Wine,Greece Red Wine,FY2026Q4,5510.0,122225.0
Wine,Greece Wine,Greece Red Wine,FY2027Q1,4755.0,107002.0
Wine,Greece Wine,Greece Rose Wine,FY2026Q1,602.0,15927.0
Wine,Greece Wine,Greece Rose Wine,FY2026Q2,796.0,17198.0
Wine,Greece Wine,Greece Rose Wine,FY2026Q3,370.0,8565.0
Wine,Greece Wine,Greece Rose Wine,FY2026Q4,393.0,9518.0
Wine,Greece Wine,Greece Rose Wine,FY2027Q1,916.0,21348.0
Wine,Greece Wine,Greece Sparkling Wine,FY2026Q1,225.0,9340.0
Wine,Greece Wine,Greece Sparkling Wine,FY2026Q2,68.0,1387.0
Wine,Greece Wine,Greece Sparkling Wine,FY2026Q3,194.0,5031.0
Wine,Greece Wine,Greece Sparkling Wine,FY2026Q4,81.0,2105.0
Wine,Greece Wine,Greece Sparkling Wine,FY2027Q1,202.0,5276.0
Wine,Greece Wine,Greece White Wine,FY2026Q1,7914.0,168928.0
Wine,Greece Wine,Greece White Wine,FY2026Q2,8792.0,177220.0
Wine,Greece Wine,Greece White Wine,FY2026Q3,4744.0,94513.0
Wine,Greece Wine,Greece White Wine,FY2026Q4,5866.0,125875.0
Wine,Greece Wine,Greece White Wine,FY2027Q1,7107.0,148362.0
Wine,Hungary Wine,Hungary Fruit and Dessert Wine,FY2026Q1,157.0,13525.0
Wine,Hungary Wine,Hungary Fruit and Dessert Wine,FY2026Q2,378.0,21582.0
Wine,Hungary Wine,Hungary Fruit and Dessert Wine,FY2026Q3,474.0,27743.0
Wine,Hungary Wine,Hungary Fruit and Dessert Wine,FY2026Q4,495.0,27036.0
Wine,Hungary Wine,Hungary Fruit and Dessert Wine,FY2027Q1,252.0,16318.0
Wine,Hungary Wine,Hungary Red Wine,FY2026Q1,1134.0,18266.0
Wine,Hungary Wine,Hungary Red Wine,FY2026Q2,801.0,16158.0
Wine,Hungary Wine,Hungary Red Wine,FY2026Q3,1112.0,25938.0
Wine,Hungary Wine,Hungary Red Wine,FY2026Q4,459.0,9780.0
Wine,Hungary Wine,Hungary Red Wine,FY2027Q1,176.0,6292.0
Wine,Hungary Wine,Hungary Rose Wine,FY2026Q1,0.0,0.0
Wine,Hungary Wine,Hungary Rose Wine,FY2026Q2,4.0,110.0
Wine,Hungary Wine,Hungary Rose Wine,FY2026Q3,0.0,0.0
Wine,Hungary Wine,Hungary Rose Wine,FY2026Q4,9.0,219.0
Wine,Hungary Wine,Hungary Rose Wine,FY2027Q1,0.0,0.0
Wine,Hungary Wine,Hungary Sparkling Wine,FY2026Q1,4352.0,66504.0
Wine,Hungary Wine,Hungary Sparkling Wine,FY2026Q2,5985.0,91588.0
Wine,Hungary Wine,Hungary Sparkling Wine,FY2026Q3,4594.0,70856.0
Wine,Hungary Wine,Hungary Sparkling Wine,FY2026Q4,3564.0,54859.0
Wine,Hungary Wine,Hungary Sparkling Wine,FY2027Q1,4405.0,66520.0
Wine,Hungary Wine,Hungary White Wine,FY2026Q1,5332.0,71377.0
Wine,Hungary Wine,Hungary White Wine,FY2026Q2,7810.0,106986.0
Wine,Hungary Wine,Hungary White Wine,FY2026Q3,6250.0,91026.0
Wine,Hungary Wine,Hungary White Wine,FY2026Q4,5943.0,88350.0
Wine,Hungary Wine,Hungary White Wine,FY2027Q1,4329.0,67982.0
Wine,Israel Wine,Israel Red Wine,FY2026Q1,1278.0,37197.0
Wine,Israel Wine,Israel Red Wine,FY2026Q2,853.0,24704.0
Wine,Israel Wine,Israel Red Wine,FY2026Q3,1035.0,30173.0
Wine,Israel Wine,Israel Red Wine,FY2026Q4,1017.0,30121.0
Wine,Israel Wine,Israel Red Wine,FY2027Q1,1134.0,33669.0
Wine,Israel Wine,Israel Rose Wine,FY2026Q1,180.0,5412.0
Wine,Israel Wine,Israel Rose Wine,FY2026Q2,81.0,2435.0
Wine,Israel Wine,Israel Rose Wine,FY2026Q3,54.0,1624.0
Wine,Israel Wine,Israel Rose Wine,FY2026Q4,180.0,5413.0
Wine,Israel Wine,Israel Rose Wine,FY2027Q1,72.0,2062.0
Wine,Israel Wine,Israel White Wine,FY2026Q1,482.0,13367.0
Wine,Israel Wine,Israel White Wine,FY2026Q2,297.0,8330.0
Wine,Israel Wine,Israel White Wine,FY2026Q3,198.0,5585.0
Wine,Israel Wine,Israel White Wine,FY2026Q4,315.0,8872.0
Wine,Israel Wine,Israel White Wine,FY2027Q1,270.0,7945.0
Wine,Italy Wine,Italy Fruit and Dessert Wine,FY2026Q1,122.0,12353.0
Wine,Italy Wine,Italy Fruit and Dessert Wine,FY2026Q2,106.0,12636.0
Wine,Italy Wine,Italy Fruit and Dessert Wine,FY2026Q3,143.0,18276.0
Wine,Italy Wine,Italy Fruit and Dessert Wine,FY2026Q4,71.0,9145.0
Wine,Italy Wine,Italy Fruit and Dessert Wine,FY2027Q1,90.0,10544.0
Wine,Italy Wine,Italy Red Wine,FY2026Q1,539982.0,12625376.0
Wine,Italy Wine,Italy Red Wine,FY2026Q2,522563.0,12451763.0
Wine,Italy Wine,Italy Red Wine,FY2026Q3,646589.0,17807271.0
Wine,Italy Wine,Italy Red Wine,FY2026Q4,586399.0,14587916.0
Wine,Italy Wine,Italy Red Wine,FY2027Q1,508904.0,12578858.0
Wine,Italy Wine,Italy Rose Wine,FY2026Q1,20491.0,441388.0
Wine,Italy Wine,Italy Rose Wine,FY2026Q2,23978.0,485891.0
Wine,Italy Wine,Italy Rose Wine,FY2026Q3,10883.0,239269.0
Wine,Italy Wine,Italy Rose Wine,FY2026Q4,14925.0,293792.0
Wine,Italy Wine,Italy Rose Wine,FY2027Q1,22955.0,488380.0
Wine,Italy Wine,Italy Sparkling Wine,FY2026Q1,113389.0,2168682.0
Wine,Italy Wine,Italy Sparkling Wine,FY2026Q2,123493.0,2397870.0
Wine,Italy Wine,Italy Sparkling Wine,FY2026Q3,104024.0,2164610.0
Wine,Italy Wine,Italy Sparkling Wine,FY2026Q4,91560.0,1822498.0
Wine,Italy Wine,Italy Sparkling Wine,FY2027Q1,109485.0,2093142.0
Wine,Italy Wine,Italy White Wine,FY2026Q1,425687.0,6945197.0
Wine,Italy Wine,Italy White Wine,FY2026Q2,403462.0,6693733.0
Wine,Italy Wine,Italy White Wine,FY2026Q3,333688.0,5865054.0
Wine,Italy Wine,Italy White Wine,FY2026Q4,342382.0,5862888.0
Wine,Italy Wine,Italy White Wine,FY2027Q1,415060.0,6840312.0
Wine,Italy Wine,Prosecco Wine,FY2026Q1,383285.0,7956074.0
Wine,Italy Wine,Prosecco Wine,FY2026Q2,364939.0,7985004.0
Wine,Italy Wine,Prosecco Wine,FY2026Q3,484489.0,9988389.0
Wine,Italy Wine,Prosecco Wine,FY2026Q4,271778.0,5980057.0
Wine,Italy Wine,Prosecco Wine,FY2027Q1,376978.0,7937982.0
Wine,New Zealand Wine,New Zealand Fruit and Dessert Wine,FY2026Q1,0.0,0.0
Wine,New Zealand Wine,New Zealand Fruit and Dessert Wine,FY2026Q2,0.0,0.0
Wine,New Zealand Wine,New Zealand Fruit and Dessert Wine,FY2026Q3,0.0,0.0
Wine,New Zealand Wine,New Zealand Fruit and Dessert Wine,FY2026Q4,0.0,0.0
Wine,New Zealand Wine,New Zealand Fruit and Dessert Wine,FY2027Q1,0.0,0.0
Wine,New Zealand Wine,New Zealand Red Wine,FY2026Q1,27203.0,608864.0
Wine,New Zealand Wine,New Zealand Red Wine,FY2026Q2,26138.0,593885.0
Wine,New Zealand Wine,New Zealand Red Wine,FY2026Q3,36961.0,766605.0
Wine,New Zealand Wine,New Zealand Red Wine,FY2026Q4,24376.0,578947.0
Wine,New Zealand Wine,New Zealand Red Wine,FY2027Q1,28366.0,616325.0
Wine,New Zealand Wine,New Zealand Rose Wine,FY2026Q1,26762.0,477096.0
Wine,New Zealand Wine,New Zealand Rose Wine,FY2026Q2,24318.0,433715.0
Wine,New Zealand Wine,New Zealand Rose Wine,FY2026Q3,10537.0,205822.0
Wine,New Zealand Wine,New Zealand Rose Wine,FY2026Q4,10843.0,203204.0
Wine,New Zealand Wine,New Zealand Rose Wine,FY2027Q1,25732.0,479618.0
Wine,New Zealand Wine,New Zealand Sparkling Wine,FY2026Q1,2835.0,57643.0
Wine,New Zealand Wine,New Zealand Sparkling Wine,FY2026Q2,4724.0,92835.0
Wine,New Zealand Wine,New Zealand Sparkling Wine,FY2026Q3,7378.0,142399.0
Wine,New Zealand Wine,New Zealand Sparkling Wine,FY2026Q4,4301.0,84547.0
Wine,New Zealand Wine,New Zealand Sparkling Wine,FY2027Q1,2321.0,52377.0
Wine,New Zealand Wine,New Zealand White Wine,FY2026Q1,835325.0,15157124.0
Wine,New Zealand Wine,New Zealand White Wine,FY2026Q2,771430.0,14186490.0
Wine,New Zealand Wine,New Zealand White Wine,FY2026Q3,765229.0,13649798.0
Wine,New Zealand Wine,New Zealand White Wine,FY2026Q4,578654.0,10876143.0
Wine,New Zealand Wine,New Zealand White Wine,FY2027Q1,830264.0,14911548.0
Wine,Other Country Wine,Other Country Fruit and Dessert Wine,FY2026Q1,7782.0,255735.0
Wine,Other Country Wine,Other Country Fruit and Dessert Wine,FY2026Q2,7846.0,252498.0
Wine,Other Country Wine,Other Country Fruit and Dessert Wine,FY2026Q3,7714.0,253277.0
Wine,Other Country Wine,Other Country Fruit and Dessert Wine,FY2026Q4,9484.0,301943.0
Wine,Other Country Wine,Other Country Fruit and Dessert Wine,FY2027Q1,7102.0,230054.0
Wine,Other Country Wine,Other Country Red Wine,FY2026Q1,4010.0,113487.0
Wine,Other Country Wine,Other Country Red Wine,FY2026Q2,2964.0,78577.0
Wine,Other Country Wine,Other Country Red Wine,FY2026Q3,3574.0,96469.0
Wine,Other Country Wine,Other Country Red Wine,FY2026Q4,5495.0,167034.0
Wine,Other Country Wine,Other Country Red Wine,FY2027Q1,3166.0,102911.0
Wine,Other Country Wine,Other Country Rose Wine,FY2026Q1,457.0,13704.0
Wine,Other Country Wine,Other Country Rose Wine,FY2026Q2,924.0,25737.0
Wine,Other Country Wine,Other Country Rose Wine,FY2026Q3,380.0,11364.0
Wine,Other Country Wine,Other Country Rose Wine,FY2026Q4,597.0,14264.0
Wine,Other Country Wine,Other Country Rose Wine,FY2027Q1,572.0,17265.0
Wine,Other Country Wine,Other Country Sparkling Wine,FY2026Q1,1393.0,32071.0
Wine,Other Country Wine,Other Country Sparkling Wine,FY2026Q2,979.0,26453.0
Wine,Other Country Wine,Other Country Sparkling Wine,FY2026Q3,1047.0,27140.0
Wine,Other Country Wine,Other Country Sparkling Wine,FY2026Q4,940.0,27687.0
Wine,Other Country Wine,Other Country Sparkling Wine,FY2027Q1,738.0,20060.0
Wine,Other Country Wine,Other Country White Wine,FY2026Q1,2072.0,69578.0
Wine,Other Country Wine,Other Country White Wine,FY2026Q2,1969.0,61227.0
Wine,Other Country Wine,Other Country White Wine,FY2026Q3,1514.0,43207.0
Wine,Other Country Wine,Other Country White Wine,FY2026Q4,2658.0,83451.0
Wine,Other Country Wine,Other Country White Wine,FY2027Q1,2353.0,67623.0
Wine,Other Style Wine,Aperitif And Flavoured Wine,FY2026Q1,2645.0,29474.0
Wine,Other Style Wine,Aperitif And Flavoured Wine,FY2026Q2,3155.0,51340.0
Wine,Other Style Wine,Aperitif And Flavoured Wine,FY2026Q3,4294.0,73759.0
Wine,Other Style Wine,Aperitif And Flavoured Wine,FY2026Q4,3051.0,54517.0
Wine,Other Style Wine,Aperitif And Flavoured Wine,FY2027Q1,3282.0,54061.0
Wine,Other Style Wine,Mead,FY2026Q1,6091.0,159279.0
Wine,Other Style Wine,Mead,FY2026Q2,10948.0,277029.0
Wine,Other Style Wine,Mead,FY2026Q3,8423.0,237429.0
Wine,Other Style Wine,Mead,FY2026Q4,5917.0,151480.0
Wine,Other Style Wine,Mead,FY2027Q1,6677.0,155572.0
Wine,Other Style Wine,Rice Wine,FY2026Q1,5390.0,55181.0
Wine,Other Style Wine,Rice Wine,FY2026Q2,4831.0,49878.0
Wine,Other Style Wine,Rice Wine,FY2026Q3,4519.0,54436.0
Wine,Other Style Wine,Rice Wine,FY2026Q4,5104.0,64465.0
Wine,Other Style Wine,Rice Wine,FY2027Q1,4032.0,45926.0
Wine,Portugal Wine,Portugal Fruit and Dessert Wine,FY2026Q1,76.0,4169.0
Wine,Portugal Wine,Portugal Fruit and Dessert Wine,FY2026Q2,38.0,2165.0
Wine,Portugal Wine,Portugal Fruit and Dessert Wine,FY2026Q3,140.0,6379.0
Wine,Portugal Wine,Portugal Fruit and Dessert Wine,FY2026Q4,45.0,1905.0
Wine,Portugal Wine,Portugal Fruit and Dessert Wine,FY2027Q1,47.0,3270.0
Wine,Portugal Wine,Portugal Red Wine,FY2026Q1,86871.0,1113329.0
Wine,Portugal Wine,Portugal Red Wine,FY2026Q2,84354.0,1055928.0
Wine,Portugal Wine,Portugal Red Wine,FY2026Q3,84054.0,1102932.0
Wine,Portugal Wine,Portugal Red Wine,FY2026Q4,105908.0,1361165.0
Wine,Portugal Wine,Portugal Red Wine,FY2027Q1,86348.0,1084232.0
Wine,Portugal Wine,Portugal Rose Wine,FY2026Q1,16999.0,208328.0
Wine,Portugal Wine,Portugal Rose Wine,FY2026Q2,28643.0,344263.0
Wine,Portugal Wine,Portugal Rose Wine,FY2026Q3,14590.0,162017.0
Wine,Portugal Wine,Portugal Rose Wine,FY2026Q4,15849.0,185939.0
Wine,Portugal Wine,Portugal Rose Wine,FY2027Q1,27140.0,349433.0
Wine,Portugal Wine,Portugal Sparkling Wine,FY2026Q1,72.0,2809.0
Wine,Portugal Wine,Portugal Sparkling Wine,FY2026Q2,76.0,3048.0
Wine,Portugal Wine,Portugal Sparkling Wine,FY2026Q3,72.0,1952.0
Wine,Portugal Wine,Portugal Sparkling Wine,FY2026Q4,144.0,4557.0
Wine,Portugal Wine,Portugal Sparkling Wine,FY2027Q1,108.0,3699.0
Wine,Portugal Wine,Portugal White Wine,FY2026Q1,49834.0,662673.0
Wine,Portugal Wine,Portugal White Wine,FY2026Q2,48308.0,645575.0
Wine,Portugal Wine,Portugal White Wine,FY2026Q3,30158.0,427497.0
Wine,Portugal Wine,Portugal White Wine,FY2026Q4,37616.0,547082.0
Wine,Portugal Wine,Portugal White Wine,FY2027Q1,48097.0,665222.0
Wine,Sake,Japan Sake,FY2026Q1,74605.0,2334830.0
Wine,Sake,Japan Sake,FY2026Q2,102080.0,2661300.0
Wine,Sake,Japan Sake,FY2026Q3,100554.0,2726700.0
Wine,Sake,Japan Sake,FY2026Q4,118226.0,3081342.0
Wine,Sake,Japan Sake,FY2027Q1,99137.0,2537466.0
Wine,Sake,Other Country Sake,FY2026Q1,4433.0,151733.0
Wine,Sake,Other Country Sake,FY2026Q2,5218.0,186512.0
Wine,Sake,Other Country Sake,FY2026Q3,4573.0,158071.0
Wine,Sake,Other Country Sake,FY2026Q4,3181.0,96519.0
Wine,Sake,Other Country Sake,FY2027Q1,4086.0,140893.0
Wine,Sake,USA Sake,FY2026Q1,16204.0,190588.0
Wine,Sake,USA Sake,FY2026Q2,4981.0,80677.0
Wine,Sake,USA Sake,FY2026Q3,1737.0,34077.0
Wine,Sake,USA Sake,FY2026Q4,1491.0,27482.0
Wine,Sake,USA Sake,FY2027Q1,263.0,9588.0
Wine,South Africa Wine,South Africa Fruit and Dessert Wine,FY2026Q1,0.0,0.0
Wine,South Africa Wine,South Africa Fruit and Dessert Wine,FY2026Q2,0.0,0.0
Wine,South Africa Wine,South Africa Fruit and Dessert Wine,FY2026Q3,2.0,108.0
Wine,South Africa Wine,South Africa Fruit and Dessert Wine,FY2026Q4,27.0,917.0
Wine,South Africa Wine,South Africa Fruit and Dessert Wine,FY2027Q1,11.0,382.0
Wine,South Africa Wine,South Africa Red Wine,FY2026Q1,49047.0,776638.0
Wine,South Africa Wine,South Africa Red Wine,FY2026Q2,36766.0,594544.0
Wine,South Africa Wine,South Africa Red Wine,FY2026Q3,53090.0,845716.0
Wine,South Africa Wine,South Africa Red Wine,FY2026Q4,56503.0,836728.0
Wine,South Africa Wine,South Africa Red Wine,FY2027Q1,35174.0,559123.0
Wine,South Africa Wine,South Africa Rose Wine,FY2026Q1,2574.0,43399.0
Wine,South Africa Wine,South Africa Rose Wine,FY2026Q2,2508.0,41771.0
Wine,South Africa Wine,South Africa Rose Wine,FY2026Q3,1328.0,23010.0
Wine,South Africa Wine,South Africa Rose Wine,FY2026Q4,1659.0,27825.0
Wine,South Africa Wine,South Africa Rose Wine,FY2027Q1,2223.0,37392.0
Wine,South Africa Wine,South Africa Sparkling Wine,FY2026Q1,81.0,1529.0
Wine,South Africa Wine,South Africa Sparkling Wine,FY2026Q2,202.0,5403.0
Wine,South Africa Wine,South Africa Sparkling Wine,FY2026Q3,251.0,6580.0
Wine,South Africa Wine,South Africa Sparkling Wine,FY2026Q4,166.0,4229.0
Wine,South Africa Wine,South Africa Sparkling Wine,FY2027Q1,225.0,6597.0
Wine,South Africa Wine,South Africa White Wine,FY2026Q1,78773.0,1041383.0
Wine,South Africa Wine,South Africa White Wine,FY2026Q2,84720.0,1046227.0
Wine,South Africa Wine,South Africa White Wine,FY2026Q3,63895.0,867359.0
Wine,South Africa Wine,South Africa White Wine,FY2026Q4,73726.0,939574.0
Wine,South Africa Wine,South Africa White Wine,FY2027Q1,69674.0,916653.0
Wine,Spain Wine,Spain Fruit and Dessert Wine,FY2026Q1,304.0,10707.0
Wine,Spain Wine,Spain Fruit and Dessert Wine,FY2026Q2,360.0,12691.0
Wine,Spain Wine,Spain Fruit and Dessert Wine,FY2026Q3,284.0,10519.0
Wine,Spain Wine,Spain Fruit and Dessert Wine,FY2026Q4,277.0,9147.0
Wine,Spain Wine,Spain Fruit and Dessert Wine,FY2027Q1,285.0,10596.0
Wine,Spain Wine,Spain Red Wine,FY2026Q1,225308.0,3500023.0
Wine,Spain Wine,Spain Red Wine,FY2026Q2,261364.0,3650221.0
Wine,Spain Wine,Spain Red Wine,FY2026Q3,287932.0,4189922.0
Wine,Spain Wine,Spain Red Wine,FY2026Q4,276753.0,4182738.0
Wine,Spain Wine,Spain Red Wine,FY2027Q1,240382.0,3486220.0
Wine,Spain Wine,Spain Rose Wine,FY2026Q1,23188.0,252592.0
Wine,Spain Wine,Spain Rose Wine,FY2026Q2,43057.0,385394.0
Wine,Spain Wine,Spain Rose Wine,FY2026Q3,26989.0,234792.0
Wine,Spain Wine,Spain Rose Wine,FY2026Q4,20828.0,193022.0
Wine,Spain Wine,Spain Rose Wine,FY2027Q1,24992.0,251192.0
Wine,Spain Wine,Spain Sparkling Wine,FY2026Q1,64546.0,1242881.0
Wine,Spain Wine,Spain Sparkling Wine,FY2026Q2,66140.0,1291905.0
Wine,Spain Wine,Spain Sparkling Wine,FY2026Q3,93016.0,1721113.0
Wine,Spain Wine,Spain Sparkling Wine,FY2026Q4,58398.0,1132113.0
Wine,Spain Wine,Spain Sparkling Wine,FY2027Q1,55945.0,1082479.0
Wine,Spain Wine,Spain White Wine,FY2026Q1,37506.0,606328.0
Wine,Spain Wine,Spain White Wine,FY2026Q2,63443.0,810531.0
Wine,Spain Wine,Spain White Wine,FY2026Q3,53190.0,635457.0
Wine,Spain Wine,Spain White Wine,FY2026Q4,44153.0,603961.0
Wine,Spain Wine,Spain White Wine,FY2027Q1,47639.0,712457.0
Wine,USA Wine,USA Fruit and Dessert Wine,FY2026Q1,0.0,0.0
Wine,USA Wine,USA Fruit and Dessert Wine,FY2026Q2,0.0,0.0
Wine,USA Wine,USA Fruit and Dessert Wine,FY2026Q3,6.0,210.0
Wine,USA Wine,USA Fruit and Dessert Wine,FY2026Q4,0.0,0.0
Wine,USA Wine,USA Fruit and Dessert Wine,FY2027Q1,0.0,0.0
Wine,USA Wine,USA Red Wine,FY2026Q1,-47288.0,-1993505.0
Wine,USA Wine,USA Red Wine,FY2026Q2,188625.0,5390502.0
Wine,USA Wine,USA Red Wine,FY2026Q3,257272.0,6808057.0
Wine,USA Wine,USA Red Wine,FY2026Q4,151822.0,4584703.0
Wine,USA Wine,USA Red Wine,FY2027Q1,150287.0,4254087.0
Wine,USA Wine,USA Rose Wine,FY2026Q1,21028.0,264175.0
Wine,USA Wine,USA Rose Wine,FY2026Q2,21059.0,301307.0
Wine,USA Wine,USA Rose Wine,FY2026Q3,7097.0,111249.0
Wine,USA Wine,USA Rose Wine,FY2026Q4,4230.0,82379.0
Wine,USA Wine,USA Rose Wine,FY2027Q1,1590.0,35606.0
Wine,USA Wine,USA Sparkling Wine,FY2026Q1,-375.0,-8344.0
Wine,USA Wine,USA Sparkling Wine,FY2026Q2,1214.0,39229.0
Wine,USA Wine,USA Sparkling Wine,FY2026Q3,1238.0,38040.0
Wine,USA Wine,USA Sparkling Wine,FY2026Q4,1015.0,30031.0
Wine,USA Wine,USA Sparkling Wine,FY2027Q1,440.0,14621.0
Wine,USA Wine,USA White Wine,FY2026Q1,11448.0,118829.0
Wine,USA Wine,USA White Wine,FY2026Q2,84947.0,1803406.0
Wine,USA Wine,USA White Wine,FY2026Q3,48878.0,1112466.0
Wine,USA Wine,USA White Wine,FY2026Q4,44310.0,1052038.0
Wine,USA Wine,USA White Wine,FY2027Q1,38529.0,888945.0
